<?xml version="1.0" encoding="UTF-8"?>
<!DOCTYPE mapper PUBLIC "-//mybatis.org//DTD Mapper 3.0//EN" "http://mybatis.org/dtd/mybatis-3-mapper.dtd">
<mapper namespace="com.web.curation.dao.user.UserDao">
    <select id="getAll" resultType="com.web.curation.model.user.User">
        SELECT * FROM user
    </select>

    <select id="getEmail" resultType="string" parameterType="string">
        select email from user
        where email= #{value}                   
    </select>

    <select id="getNickname" resultType="string" parameterType="string">
        select nickName from user
        where nickName = #{value}
    </select>

    <insert id="join" parameterType="com.web.curation.model.user.User">
        insert into user(email,password,name,nickName,comment,keyword) 
        values(#{email}, #{password}, #{name}, #{nickName}, #{comment}, #{keyword})
    </insert>

    <select id="login" resultType="com.web.curation.model.user.User" parameterType="com.web.curation.model.user.User" >
        select * from user 
        where email=#{email} and password=#{password}
    </select>

</mapper>